{"rmse": {"n_factors": 135, "n_epochs": 61, "lr_all": 0.004494222358416499, "reg_all": 0.04061923335190312}, "mae": {"n_factors": 135, "n_epochs": 61, "lr_all": 0.004494222358416499, "reg_all": 0.04061923335190312}, "fcp": {"n_factors": 135, "n_epochs": 61, "lr_all": 0.004494222358416499, "reg_all": 0.04061923335190312}, "mse": {"n_factors": 135, "n_epochs": 61, "lr_all": 0.004494222358416499, "reg_all": 0.04061923335190312}}