{"rmse": {"n_factors": 84, "n_epochs": 124, "lr_all": 0.0066004217864083555, "reg_all": 0.04089768931073141}, "mae": {"n_factors": 28, "n_epochs": 98, "lr_all": 0.010979543232841196, "reg_all": 0.02773962483330311}, "fcp": {"n_factors": 137, "n_epochs": 124, "lr_all": 0.005836722759420921, "reg_all": 0.04089768931073141}, "mse": {"n_factors": 84, "n_epochs": 124, "lr_all": 0.0066004217864083555, "reg_all": 0.04089768931073141}}