{"rmse": {"n_factors": 92, "n_epochs": 101, "lr_all": 0.005749109581045427, "reg_all": 0.04061923335190312}, "mae": {"n_factors": 92, "n_epochs": 101, "lr_all": 0.005749109581045427, "reg_all": 0.04061923335190312}, "fcp": {"n_factors": 92, "n_epochs": 101, "lr_all": 0.005749109581045427, "reg_all": 0.04061923335190312}, "mse": {"n_factors": 92, "n_epochs": 101, "lr_all": 0.005749109581045427, "reg_all": 0.04061923335190312}}