{"rmse": {"n_factors": 84, "n_epochs": 117, "lr_all": 0.006674864472348918, "reg_all": 0.04089768931073141}, "mae": {"n_factors": 28, "n_epochs": 124, "lr_all": 0.006674864472348918, "reg_all": 0.02773962483330311}, "fcp": {"n_factors": 84, "n_epochs": 117, "lr_all": 0.006674864472348918, "reg_all": 0.04089768931073141}, "mse": {"n_factors": 84, "n_epochs": 117, "lr_all": 0.006674864472348918, "reg_all": 0.04089768931073141}}