{"lr_all": 0.006986584841970366, "n_epochs": 112, "n_factors": 131, "reg_all": 0.025599452033620268}