{"rmse": {"n_factors": 116, "n_epochs": 98, "lr_all": 0.003654518822206271, "reg_all": 0.02773962483330311}, "mae": {"n_factors": 57, "n_epochs": 117, "lr_all": 0.010979543232841196, "reg_all": 0.02773962483330311}, "fcp": {"n_factors": 116, "n_epochs": 98, "lr_all": 0.003654518822206271, "reg_all": 0.02773962483330311}, "mse": {"n_factors": 116, "n_epochs": 98, "lr_all": 0.003654518822206271, "reg_all": 0.02773962483330311}}