{"rmse": {"n_factors": 135, "n_epochs": 147, "lr_all": 0.005408712563550627, "reg_all": 0.04061923335190312}, "mae": {"n_factors": 107, "n_epochs": 149, "lr_all": 0.007076392484837862, "reg_all": 0.018606908677481184}, "fcp": {"n_factors": 135, "n_epochs": 147, "lr_all": 0.005408712563550627, "reg_all": 0.04061923335190312}, "mse": {"n_factors": 135, "n_epochs": 147, "lr_all": 0.005408712563550627, "reg_all": 0.04061923335190312}}