{"rmse": {"n_factors": 135, "n_epochs": 142, "lr_all": 0.006264900150349277, "reg_all": 0.07652779074960671}, "mae": {"n_factors": 122, "n_epochs": 149, "lr_all": 0.005408712563550627, "reg_all": 0.016845281517520575}, "fcp": {"n_factors": 135, "n_epochs": 142, "lr_all": 0.006264900150349277, "reg_all": 0.07652779074960671}, "mse": {"n_factors": 135, "n_epochs": 142, "lr_all": 0.006264900150349277, "reg_all": 0.07652779074960671}}