{"rmse": {"n_factors": 139, "n_epochs": 124, "lr_all": 0.007070798392054098, "reg_all": 0.04089768931073141}, "mae": {"n_factors": 116, "n_epochs": 124, "lr_all": 0.0066004217864083555, "reg_all": 0.02773962483330311}, "fcp": {"n_factors": 139, "n_epochs": 124, "lr_all": 0.007070798392054098, "reg_all": 0.04089768931073141}, "mse": {"n_factors": 139, "n_epochs": 124, "lr_all": 0.007070798392054098, "reg_all": 0.04089768931073141}}