{"rmse": {"n_factors": 92, "n_epochs": 149, "lr_all": 0.007076392484837862, "reg_all": 0.04010081516548097}, "mae": {"n_factors": 92, "n_epochs": 149, "lr_all": 0.007076392484837862, "reg_all": 0.04010081516548097}, "fcp": {"n_factors": 92, "n_epochs": 149, "lr_all": 0.007076392484837862, "reg_all": 0.04010081516548097}, "mse": {"n_factors": 92, "n_epochs": 149, "lr_all": 0.007076392484837862, "reg_all": 0.04010081516548097}}