{"rmse": {"n_factors": 57, "n_epochs": 117, "lr_all": 0.007523347964093043, "reg_all": 0.04089768931073141}, "mae": {"n_factors": 140, "n_epochs": 117, "lr_all": 0.006045814231200071, "reg_all": 0.02773962483330311}, "fcp": {"n_factors": 115, "n_epochs": 124, "lr_all": 0.010979543232841196, "reg_all": 0.04089768931073141}, "mse": {"n_factors": 57, "n_epochs": 117, "lr_all": 0.007523347964093043, "reg_all": 0.04089768931073141}}