{"lr_all": 0.005926251042908592, "n_epochs": 135, "n_factors": 67, "reg_all": 0.08409738609106683}