{"lr_all": 0.0026526693906300247, "n_epochs": 98, "n_factors": 80, "reg_all": 0.052340148070636965}